id,code,area,subarea,title,subtitle,authors,edition,volume,language,status
1012743578462,MAT-06.06,Matemática,Topologia e Geometria,Teoremas Famosos da Geometria,,"Gerdes, Cherinda",1,0,Português,disponível
1110741114658,FIS-03.04,Física,Termodinâmica,Heat Transfer,,Alan J. Chapman,2,0,Inglês,disponível
1111509278100,BIO-01.01,Biologia,Bioquímica,Fundamentos de Bioquímica,,Albert L. Lehninger,1,0,Português,disponível
1119651570103,FIS-03.06,Física,Termodinâmica,Princípios da Transmissão de Calor,,Frank Kreith,3,0,Português,disponível
1128721005575,MAT-07.03,Matemática,Lógica e Fundamentos,Elementos de Teoria dos Conjuntos,,Benedito Castrucci,1,0,Português,disponível
1138771019231,MAT-01.06,Matemática,Cálculo,A First Course in Calculus,,Serge Lang,5,0,Inglês,disponível
1155192615767,MAT-01.10 v.1,Matemática,Cálculo,O Cálculo com Geometria Analítica,,Louis Leithold,3,1,Português,disponível
1173162052404,FIS-01.05 v.4,Física,Física Geral,Física,,"Halliday, Resnick",4,4,Português,disponível
1196425217150,BIO-05.01,Biologia,Desenvolvimento,Developmental Biology,,Scott F. Gilbert,5,0,Inglês,disponível
1202054802824,FIS-01.07 v.1,Física,Física Geral,Física,Mecânica,"Sears, Zemansky, Young, Freedman",10,1,Português,disponível
1217434752606,MAT-01.10 v.1,Matemática,Cálculo,O Cálculo com Geometria Analítica,,Louis Leithold,2,1,Português,disponível
1233033909272,MAT-01.02,Matemática,Cálculo,Calculus,Cálculo Infinitesimal,Michael Spivak,2,0,Espanhol,disponível
1236333357422,MAT-02.07,Matemática,Geometria Analítica,Geometria Analítica,,Charles H. Lehmann,3,0,Português,disponível
1259021275105,FIS-01.02 v.1,Física,Física Geral,Curso de Física Básica,Mecânica,H. Moysés Nussenzveig,5,1,Português,disponível
1279374872424,MAT-05.01,Matemática,Álgebra Abstrata,Álgebra,Um Curso de Introdução,"Garcia, Lequain",1,0,Português,disponível
1292849817362,MAT-05.11,Matemática,Álgebra Abstrata,Tópicos em Teoria dos Grupos Finitos,,"Maier, Ho, Gonçalves, Pomareda",1,0,Português,disponível
1303387661703,CMP-03.03,Computação,Análise Numérica,Numerical Recipes in C,,"Press, Flannery, Teukolsky, Vetterling",2,0,Inglês,disponível
1327065577773,FIS-06.01 v.1,Física,Física Matemática,Métodos Matemáticos,,"Vaz Jr., Oliveira",1,1,Português,disponível
1329210634003,CMP-02.04,Computação,Algoritmos e Estruturas de Dados,Desenvolvimento de Algoritmos e Complexidade de Computação,,Routo Terada,1,0,Português,disponível
1337020744096,VAR-01.01,Variados,Divulgação Científica,O Que é a Vida?,O Aspecto Físico da Célula Viva,Erwin Schrödinger,1,0,Português,emprestado
1338489952152,CMP-03.02,Computação,Análise Numérica,Analysis of Numerical Methods,,"Isaacson, Keller",1,0,Inglês,disponível
1339594626242,BIO-01.12,Biologia,Bioquímica,Biochemists' Handbook,,Cyril Long,1,0,Inglês,disponível
1347827664817,CMP-03.03,Computação,Análise Numérica,Numerical Recipes in C,,"Press, Flannery, Teukolsky, Vetterling",2,0,Inglês,disponível
1376690819321,FIS-01.04 v.1,Física,Física Geral,Physique Théorique,Mécanique,"Lifshitz, Pitaevskii",2,1,Outro,disponível
1388350908016,FIS-02.01,Física,Mecânica,Introduction to Classical Mechanics,Solutions Manual,David Morin,1,0,Inglês,disponível
1423469019427,CMP-03.06,Computação,Análise Numérica,Numerical Analysis,,"Kincaid, Cheney",3,0,Inglês,disponível
1425609188383,FIS-03.01,Física,Termodinâmica,Understanding Thermodynamics,,Hendrick C. Van Ness,1,0,Inglês,disponível
1443362211599,BIO-03.02,Biologia,Genética e Evolução,The Making of a Fly,The Genetics of Animal Design,P. A. Lawrence,1,0,Inglês,disponível
1445024834214,MAT-03.14,Matemática,Álgebra Linear,Álgebra Linear: Exercícios,,"Barreira, Valls",1,0,Português,disponível
1457513004954,BIO-03.05,Biologia,Genética e Evolução,What Evolution Is,,Ernst Mayr,1,0,Inglês,disponível
1482297689295,MAT-01.06,Matemática,Cálculo,A First Course in Calculus,,Serge Lang,5,0,Inglês,disponível
1490966893829,MAT-01.28 v.1,Matemática,Cálculo,Fórmula Matemática,Cálculo Diferencial e Curvas Planas,Ueda Keikyu,1,1,Outro,disponível
1535306462522,CMP-01.03,Computação,Fundamentos de Computação,Python Programming,,John M. Zelle,1,0,Inglês,disponível
1587087844103,MAT-04.08,Matemática,Análise,Problemas e Exercícios de Análise Matemática,,B. Demidovitch,6,0,Português,disponível
1631039378380,QUI-04.03 v.2,Química,Química Orgânica,Química Orgânica,,John McMurry,7,2,Português,disponível
1636866072685,FIS-07.02,Física,Astronomia e Astrofísica,Astronomia e astrofisica,,"Oliveira Filho, Saraiva",1,0,Português,disponível
1638971844027,FIS-02.02 v.2,Física,Mecânica,Mecânica Clássica,,Kazunori Watari,1,2,Português,disponível
1641011361408,QUI-04.02 v.1,Química,Química Orgânica,Química Orgânica,Curso Básico Universitário,Maurício Gomes Constantino,1,1,Português,disponível
1651034645003,MAT-01.04 v.2,Matemática,Cálculo,Introdução ao Cálculo,,Paulo Boulos,1,2,Português,disponível
1654291301392,FIS-01.01 v.3,Física,Física Geral,The Feynman Lectures on Physics,Commemorative Issue,"Feynman, Leighton, Sands",1,3,Inglês,disponível
1679850256159,VAR-01.03,Variados,Divulgação Científica,Convite à Física,,Yaav Ben-Dov,1,0,Português,disponível
1710267460705,FIS-04.04,Física,Eletromagnetismo,Plasma Dynamics,,R. O. Dendy,1,0,Inglês,disponível
1710692063502,FIS-06.01 v.3,Física,Física Matemática,Métodos Matemáticos,,"Vaz Jr., Oliveira",1,3,Português,disponível
1719266720926,MAT-04.13,Matemática,Análise,Espaços Métricos,,Elon Lages Lima,1,0,Português,disponível
1746378915711,MAT-01.27,Matemática,Cálculo,Theory and Problems of Advanced Calculus,,Murray R. Spiegel,1,0,Inglês,disponível
1748335635441,FIS-01.01 v.2,Física,Física Geral,The Feynman Lectures on Physics,Commemorative Issue,"Feynman, Leighton, Sands",1,2,Inglês,disponível
1760861743698,VAR-03.01,Variados,Interdisciplinares,Artificial Life,A Proceedings Volume in the Santa Fe Institute Studies in the Sciences of Complexity,Christopher G. Langton,1,2,Inglês,disponível
1768107062916,BIO-05.01,Biologia,Desenvolvimento,Developmental Biology,,Scott F. Gilbert,5,0,Inglês,disponível
1772432916141,MAT-03.05,Matemática,Álgebra Linear,Álgebra Linear e Geometria Eucliana,,Alexandre A. M. Rodrigues,5,0,Português,disponível
1775779598964,VAR-03.02,Variados,Interdisciplinares,Obra CIentífica de Mario Schiönberg,1949 a 1987,Amélia Império Hamburger,1,2,Outro,disponível
1815867741725,QUI-02.01,Química,Fisico-Química,Physical Chemistry,,Peter William Atkins,4,0,Inglês,disponível
1830171157086,QUI-01.13,Química,Química Geral,Handbook of Chemistry and Physics,,David R. Lide,71,0,Inglês,disponível
1831729069813,FIS-03.05,Física,Termodinâmica,Fundamentos de Transferência de Calor e de Massa,,Frank P. Incropera,6,0,Português,disponível
1837099869824,FIS-01.01 v.3,Física,Física Geral,The Feynman Lectures on Physics,Commemorative Issue,"Feynman, Leighton, Sands",1,3,Inglês,disponível
1872703038661,FIS-05.01,Física,Física Moderna,Mecânica Quântica,,Antonio F. R. De Toledo Piza,1,0,Português,disponível
1875029794020,MAT-01.03 v.4,Matemática,Cálculo,Um Curso de Cálculo,,Hamilton Luiz Guidorizzi,5,4,Português,disponível
1879624240029,FIS-07.03,Física,Astronomia e Astrofísica,An Introduction to the Study of Stellar Structure,,Subrahmanyan Chandrasekhar,1,0,Inglês,disponível
1927632515049,CMP-05.06,Computação,Teoria da Computação,Introdução aos Espaços de Escalas,,"Velho, Texeira, Gomes",1,0,Português,disponível
1932552998919,BIO-01.04,Biologia,Bioquímica,Biochemistry,,Stryer,4,0,Inglês,disponível
1953983383426,BIO-04.03,Biologia,Biologia de Sistemas,Fundamentos da Neurociência e do Comportamento,,"Kandel, Schwartz, Jessell",1,0,Português,disponível
1966299964456,QUI-04.01,Química,Química Orgânica,Química Orgânica,,"Allinger, Cava, de Jongh, Johnson, Lebel, Stevens",2,0,Português,disponível
1979445713549,CMP-04.04,Computação,Probabilidade e Estatística,Probabilidad e Inferencia Estadistica,,"Moya, Saravia",2,0,Espanhol,disponível
1997580228360,QUI-01.07,Química,Química Geral,Quimica General,,Gaston P. Muzzo,1,0,Espanhol,disponível
2063385797512,MAT-02.07,Matemática,Geometria Analítica,Geometria Analítica,,Charles H. Lehmann,1,0,Português,disponível
2064786336355,VAR-03.01,Variados,Interdisciplinares,Complex Systems Dynamics,A Lecture Notes Volume in the Santa Fe Institute Studies in the Sciences of Complexity,G. Weisbuch,1,2,Inglês,disponível
2065966288570,FIS-01.04 v.5,Física,Física Geral,Course of Theoretical Physics,Statistical Physics Part 1,"Landau, Lifshitz",3,5,Inglês,disponível
2071043662966,CMP-06.04,Computação,Programação,Data Analysis with Excel®,An Introduction for Physical Scientists,Les Kirkup,1,0,Inglês,disponível
2095504269365,QUI-01.06,Química,Química Geral,General Chemistry with Qualitative Analysis,,"Whitten, Gailey, Davis",4,0,Inglês,disponível
2097916741484,MAT-01.12 v.1,Matemática,Cálculo,Cálculo com Geometria Analítica,,George F. Simmons,1,1,Português,disponível
2106746718075,BIO-04.01,Biologia,Biologia de Sistemas,Essentials of Neural Science and Behavior,International Edition,"Kandel, Schwartz, Jessell",1,0,Inglês,disponível
2112436778670,MAT-01.02,Matemática,Cálculo,Calculus,,Michael Spivak,2,0,Inglês,disponível
2123036443295,MAT-03.12,Matemática,Álgebra Linear,Álgebra Linear,,Mário B. Junior,3,0,Português,disponível
2190302206397,FIS-05.05,Física,Física Moderna,Introdução à Física Nuclear,,K. C. Chung,1,0,Português,disponível
2212011226180,MAT-04.10,Matemática,Análise,Análise Vetorial,,Murray R. Spiegel,1,0,Português,disponível
2214266933981,QUI-01.03 v.4,Química,Química Geral,Coleção de Química Conceitual,"Química de Coordenação, Organometálica e Catálise",Henrique E. Toma,1,4,Português,disponível
2238837696938,MAT-06.04,Matemática,Topologia e Geometria,Geometria Riemanniana,,Manfredo P. do Carmo,1,0,Português,disponível
2241842072086,MAT-09.05,Matemática,Funções Complexas,Variáveis Complexas e suas Aplicações,,Ruev V. Churchill,1,0,Português,disponível
2245522009126,FIS-01.15,Física,Física Geral,200 Puzzling Physics Problems,,"Gnadig, Honyek, Riley",1,0,Inglês,disponível
2245805529396,CMP-04.10,Computação,Probabilidade e Estatística,Dinâmica Estocástica e Irreversibilidade,,"Tomé, Oliveira",1,0,Português,disponível
2271112335573,MAT-03.15,Matemática,Álgebra Linear,Algèbre et Analyse Linèaires,,A. Lichnerowicz,1,0,Outro,disponível
2272797961262,VAR-03.01,Variados,Interdisciplinares,1990 Lectures In Complex Systems,A Lectures Volume in the Santa Fe Institute Studies in the Sciences of Complexity,"Nadel, Stein",1,3,Inglês,disponível
2276228784925,FIS-04.03,Física,Eletromagnetismo,Quantum Electrodynamics,A Lecture Note and Reprint Volume,Richard P. Feynman,1,0,Inglês,disponível
2298036393717,MAT-04.08,Matemática,Análise,Problemas y Ejercicios de Analisis Matematico,,B. Demidovitch,5,0,Espanhol,disponível
2307540026551,FIS-03.03,Física,Termodinâmica,Fundamentos de Termodinâmica Clássica,,"Van Wylen, Sonntag",2,0,Português,disponível
2330172058690,MAT-01.14,Matemática,Cálculo,Calculo diferencial e integral,,"Thomas, Finney",1,0,Português,disponível
2360838037028,VAR-03.12,Variados,Interdisciplinares,Multivariable Feedback Control,Analysis and Design,"Skogestad, Postlehwaite",2,0,Inglês,disponível
2362075676794,FIS-01.05 v.3,Física,Física Geral,Física,,"Halliday, Resnick",4,3,Português,disponível
2365972393399,BIO-03.01,Biologia,Genética e Evolução,Evolutionary Genetics,,John Maynard Smith,1,0,Inglês,disponível
2373192710124,MAT-01.13 v.1,Matemática,Cálculo,Cálculo,,George B. Thomas Jr,1,1,Português,disponível
2386888917868,BIO-01.06,Biologia,Bioquímica,Biochemistry,,"Garrett, Grisham",1,0,Inglês,disponível
2407104271158,MAT-01.04 v.1,Matemática,Cálculo,Introdução ao Cálculo,,Paulo Boulos,1,1,Português,disponível
2412588686565,BIO-03.01,Biologia,Genética e Evolução,Evolutionary Genetics,,John Maynard Smith,1,0,Inglês,disponível
2422839558947,VAR-03.01 - começar aqui,Variados,Interdisciplinares,The Evolution Of Human Languages,A Proceedings Volume in the Santa Fe Institute Studies in the Sciences of Complexity,"Hawkins, Gell-Mann",1,11,Inglês,disponível
2493762133570,MAT-01.11 v.3,Matemática,Cálculo,Cálculo com Geometria Analítica,,"Edwards, Penney",4,3,Português,disponível
2497619722849,BIO-02.01,Biologia,Biologia Molecular e Celular,Molecular Biology of the Cell,,"Alberts, Bray, Lewis, Raff, Roberts, Watson",2,0,Inglês,disponível
2504856623256,QUI-01.03 v.3,Química,Química Geral,Coleção de Química Conceitual,Elementos Qímicos e seus Compostos,Henrique E. Toma,1,3,Português,emprestado
2529204739410,MAT-02.13,Matemática,Geometria Analítica,"Somatórios, Produtórios, Matrizes, Determinantes e Sistemas Lineares",,"Castrucci, Donatto, Perrella",2,0,Português,disponível
2529479857291,VAR-03.07,Variados,Interdisciplinares,Física para Ciências Biológicas e Biomédicas,,"Okuno, Caldas, Chow",1,0,Português,disponível
2536538521673,CMP-06.03,Computação,Programação,Linguagem C,Programação e Aplicações,"Nery, Bastos",1,0,Português,disponível
2575868548844,MAT-03.04,Matemática,Álgebra Linear,Linear Algebra,,Serge Lang,3,0,Inglês,disponível
2593299959862,VAR-03.02,Variados,Interdisciplinares,Obra CIentífica de Mario Schiönberg,1936 a 1948,Amélia Império Hamburger,1,1,Outro,disponível
2602106111406,MAT-01.02,Matemática,Cálculo,Calculus,Cálculo Infinitesimal,Michael Spivak,2,0,Espanhol,disponível
2620126560653,QUI-02.01,Química,Fisico-Química,Physical Chemistry,,Peter William Atkins,4,0,Inglês,disponível
2621355537072,MAT-05.04,Matemática,Álgebra Abstrata,Fundamental Concepts of Algebra,,Claude Chevalley,1,0,Inglês,disponível
2647451882373,MAT-01.05 v.2,Matemática,Cálculo,Cálculo,,Serge Lang,1,2,Português,disponível
2657811597168,FIS-06.04,Física,Física Matemática,Monte Carlo Simulation in Statistical Physics,,"Binder, Heermann",4,0,Inglês,disponível
2720622364646,CMP-04.06,Computação,Probabilidade e Estatística,Mathematical Statistics,,John E. Freund,2,0,Inglês,disponível
2724723604151,BIO-04.05,Biologia,Biologia de Sistemas,Anatomia Humana,Atlas Fotográfico de Anatomia Sistêmica e Regional,"Yokochi, Rohen, Jen-Drecoll",6,0,Português,disponível
2730202780988,FIS-05.02,Física,Física Moderna,Introduction to Quantum Mechanics,With Applications to Chemistry,"Pauling, Wilson",1,0,Inglês,disponível
2751791045692,CMP-04.13 v.2,Computação,Probabilidade e Estatística,Estatística,,Victor Mirshawka,3,2,Português,disponível
2760050744337,FIS-02.08,Física,Mecânica,Mecânica Analítica,,J. W. Leech,1,0,Português,disponível
2762459268230,MAT-04.07,Matemática,Análise,Análise no Espaço Rn,,Elon Lages Lima,2,0,Português,disponível
2773648789443,FIS-01.04 v.1,Física,Física Geral,Physique Théorique,Mécanique,"Lifshitz, Pitaevskii",2,1,Outro,disponível
2795727315879,VAR-04.02,Variados,Literatura,Sem Rei Nem Bar Somente Osmar,,Osmar Afrísio dos Santos,1,0,Português,disponível
2819509453105,MAT-04.14 v.2,Matemática,Análise,Nociones de espacios normados,,"Cotlar, Cignoli",1,2,Espanhol,disponível
2827145780691,BIO-01.04,Biologia,Bioquímica,Biochemistry,,Stryer,4,0,Inglês,disponível
2863194518908,BIO-03.01,Biologia,Genética e Evolução,Evolutionary Genetics,,John Maynard Smith,1,0,Inglês,disponível
2863425256289,MAT-04.07,Matemática,Análise,Análise no Espaço Rn,,Elon Lages Lima,2,0,Português,disponível
2872765698109,FIS-01.12,Física,Física Geral,Principles of Physics,,Raymond A. Serway,2,0,Inglês,disponível
2903250838110,FIS-01.14 v.3,Física,Física Geral,Física para a Universidade,,"Martins, Pauli, Mauad",1,3,Português,disponível
2909152677390,BIO-02.01,Biologia,Biologia Molecular e Celular,Molecular Biology of the Cell,,"Alberts, Bray, Lewis, Raff, Roberts, Watson",2,0,Inglês,disponível
2993629148124,CMP-07.04,Computação,Sistemas e Redes,Organização e Projeto de Computadores,A Interface Hardware/Software,"Patterson, Hennessy",3,0,Português,disponível
2998328527980,BIO-01.02,Biologia,Bioquímica,Biochemistry,,"Voet, Voet",2,0,Inglês,disponível
3016246941813,BIO-01.04,Biologia,Bioquímica,Biochemistry,,Stryer,4,0,Inglês,disponível
3018616213155,BIO-03.01,Biologia,Genética e Evolução,Evolutionary Genetics,,John Maynard Smith,1,0,Inglês,disponível
3049745619082,MAT-02.04,Matemática,Geometria Analítica,Geometria Analítica,"Um Tratamento Vetorial, Edição Preliminar","Oliveira, Boulos",4,0,Português,disponível
3060573140289,MAT-04.12,Matemática,Análise,Lezioni sulla Teoria Moderna dell'Integrazione,,"Picone, Viola",1,0,Outro,disponível
3069110660242,MAT-01.06,Matemática,Cálculo,A First Course in Calculus,,Serge Lang,5,0,Inglês,disponível
3076676921649,FIS-01.04 v.7,Física,Física Geral,Physique Théorique,Théorie de l'élasticité,"Landau, Lifshitz",2,7,Outro,disponível
3080252243445,QUI-05.01 v.1,Química,Química Experimental,Química Analítica Quantitativa,,Otto A. Ohlweiler,3,1,Português,disponível
3080499732771,CMP-03.04,Computação,Análise Numérica,Introduction to Numerical Analysis,,"Stoer, Bulirsch",3,0,Inglês,disponível
3080550739701,CMP-02.01,Computação,Algoritmos e Estruturas de Dados,Introduction to Algorithms,,"Cormen, Leiserson, Rivest, Stein",3,0,Inglês,disponível
3100841140723,CMP-02.04,Computação,Algoritmos e Estruturas de Dados,Desenvolvimento de Algoritmos e Complexidade de Computação,,Routo Terada,1,0,Português,disponível
3101130473133,VAR-03.08,Variados,Interdisciplinares,Microbial Inhibitors in Food,,Fourth International Symposium on Food Microbiology,1,0,Inglês,disponível
3140434731976,CMP-05.01,Computação,Teoria da Computação,Computability and Logic,,"Boolos, Jeffrey",3,0,Inglês,disponível
3169415374322,MAT-01.07,Matemática,Cálculo,Calculus of Several Variables,,Serge Lang,3,0,Inglês,disponível
3194301327830,BIO-01.03,Biologia,Bioquímica,Bioquímica,Combo (Volumes 1-3),"Campbell, Farrell",5,0,Português,disponível
3195793194887,BIO-05.01,Biologia,Desenvolvimento,Developmental Biology,,Scott F. Gilbert,5,0,Inglês,disponível
3223556103163,MAT-08.01,Matemática,Equações Diferenciais,Equaçoes Diferenciais Aplicadas,,"Figueiredo, Neves",2,0,Português,disponível
3227096837090,MAT-03.04,Matemática,Álgebra Linear,Linear Algebra,,Serge Lang,3,0,Inglês,disponível
3244346131166,MAT-06.03,Matemática,Topologia e Geometria,Cálculo en Variedades,,Michael Spivak,1,0,Português,disponível
3247513060047,QUI-04.08,Química,Química Orgânica,Substâncias Carboniladas e Derivados,,"Pilli, Pinheiro, Costa, Vasconcellos",1,0,Português,disponível
3249857657518,FIS-01.04 v.3,Física,Física Geral,Course of Theoretical Physics,Quantum Mechanics (Non-relativistic Theory),"Landau, Lifshitz",3,3,Inglês,disponível
3275563136344,VAR-03.03,Variados,Interdisciplinares,Consciência e Linguagem,,John R. Searle,1,0,Português,disponível
3278486724018,FIS-05.06,Física,Física Moderna,Atomic Physics,,Max Born,8,0,Inglês,disponível
3279807759993,MAT-05.02,Matemática,Álgebra Abstrata,Elementos de Álgebra,,L. H. Jacy Monteiro,1,0,Português,disponível
3297743049756,MAT-01.07,Matemática,Cálculo,Calculus of Several Variables,,Serge Lang,3,0,Inglês,disponível
3371901761985,VAR-02.04,Variados,História e Filosofia da Ciência,O Mundo ou Tratado da Luz,,René Descartes,1,0,Português,disponível
3374299444973,QUI-01.05,Química,Química Geral,"Introduction to General, Organic & Biochemistry",,"Bettelheim, March",4,0,Inglês,disponível
3386849606410,FIS-01.01 v.3,Física,Física Geral,The Feynman Lectures on Physics,,"Feynman, Leighton, Sands",1,3,Inglês,disponível
3387262267653,BIO-03.01,Biologia,Genética e Evolução,Evolutionary Genetics,,John Maynard Smith,1,0,Inglês,disponível
3396283362469,FIS-01.05 v.2,Física,Física Geral,Física,,"Halliday, Resnick",2,2,Português,disponível
3403984845242,MAT-03.07,Matemática,Álgebra Linear,Álgebra Linear e suas Aplicações,,David C. Lay,2,0,Português,disponível
3416753293540,CMP-04.13 v.3,Computação,Probabilidade e Estatística,Estatística,,Victor Mirshawka,1,3,Português,disponível
3446605606570,MAT-04.10,Matemática,Análise,Análise Vetorial,,Murray R. Spiegel,1,0,Português,disponível
3455963124091,MAT-01.01 v.2,Matemática,Cálculo,Calculus,"Multi-Variable Calculus and Linear Algebra, with Applications to Differential Equations and Probability",Tom M. Apostol,2,2,Inglês,disponível
3476068578916,MAT-07.02,Matemática,Lógica e Fundamentos,Teoria dos Conjuntos,Um mínimo,Francisco Miraglia,1,0,Português,disponível
3531727018179,MAT-03.18,Matemática,Álgebra Linear,Linear Algebra,,G. Hadley,1,0,Inglês,disponível
3574436388300,QUI-04.01,Química,Química Orgânica,Química Orgânica,,"Allinger, Cava, de Jongh, Johnson, Lebel, Stevens",2,0,Português,disponível
3584071753210,MAT-01.01 v.2,Matemática,Cálculo,Calculus,Cálculo en Varias Variables con Aplicaciones a las Probabilidades y al Análisis Vectorial,Tom M. Apostol,1,2,Espanhol,disponível
3593704939662,FIS-01.04 v.8,Física,Física Geral,Physique Théorique,Electrodynamique des milieux continus,"Lifshitz, Pitaevskii",2,8,Outro,disponível
3607958879688,MAT-07.01,Matemática,Lógica e Fundamentos,Axiomatic Set Theory,,Patrick Suppes,1,0,Inglês,disponível
3627335616620,FIS-01.01 v.2,Física,Física Geral,The Feynman Lectures on Physics,Commemorative Issue,"Feynman, Leighton, Sands",1,2,Inglês,disponível
3627534574264,MAT-01.23 v.2,Matemática,Cálculo,Cálculo e Geometria Analítica,,Al Shenk,2,2,Português,disponível
3630736710361,FIS-01.01 v.3,Física,Física Geral,The Feynman Lectures on Physics,Commemorative Issue,"Feynman, Leighton, Sands",1,3,Inglês,disponível
3644106098461,CMP-07.03,Computação,Sistemas e Redes,Introductory Network Theory,,"Bose, Stevens",1,0,Inglês,disponível
3647501197289,MAT-01.16,Matemática,Cálculo,Cálculo Integral Avançado,,"Bouchara, Carrara, Hellmeister, Salvitti",2,0,Português,disponível
3650761110950,BIO-01.05,Biologia,Bioquímica,Bioquimíca,,"Peña, Arroyo, Gómez, Tapia, Gómez",2,0,Espanhol,disponível
3652775944552,MAT-07.06,Matemática,Lógica e Fundamentos,Números Primos,Mistérios e Recordes,Paulo Ribenboim,1,0,Português,disponível
3688807122315,MAT-01.03 v.1,Matemática,Cálculo,Um Curso de Cálculo,,Hamilton Luiz Guidorizzi,4,1,Português,disponível
3704174860367,MAT-01.06,Matemática,Cálculo,A First Course in Calculus,,Serge Lang,5,0,Inglês,disponível
3706083836594,FIS-04.01,Física,Eletromagnetismo,Eletromagnetismo,,William H. Hayt Junior,4,0,Português,disponível
3717628393380,QUI-02.04,Química,Fisico-Química,Introdução à Química dos Coloides e das Superfícies,,Duncan J. Shar,2,0,Português,disponível
3723457522464,MAT-01.09 v.2,Matemática,Cálculo,Cálculo,Um Curso Universitário,Edwin E. Moise,1,2,Português,disponível
3750361855487,MAT-05.14,Matemática,Álgebra Abstrata,Algebraic Number Theory,,Edwin Weiss,1,0,Inglês,disponível
3755077252407,QUI-04.02 v.1,Química,Química Orgânica,Química Orgânica,Curso Básico Universitário,Maurício Gomes Constantino,1,1,Português,disponível
3835914325157,QUI-01.09,Química,Química Geral,Química,Um Curso Universitário,"Mahan, Myers",4,0,Português,disponível
3843524876174,MAT-01.20 v.2,Matemática,Cálculo,Cálculo Diferencial e Integral,,N. Piskounov,1,2,Português,disponível
3843617048990,MAT-01.08 v.1,Matemática,Cálculo,Cálculo,,James Stewart,5,1,Português,disponível
3869032919790,CMP-02.04,Computação,Algoritmos e Estruturas de Dados,Desenvolvimento de Algoritmos e Complexidade de Computação,,Routo Terada,1,0,Português,disponível
3881369190604,CMP-04.05,Computação,Probabilidade e Estatística,Introduction to Probability and Statistics,Collier-MacMillan Student's Edition,"Linngren, McElrath",1,0,Inglês,disponível
3882409724087,MAT-03.05,Matemática,Álgebra Linear,Álgebra Linear e Geometria Eucliana,,Alexandre A. M. Rodrigues,5,0,Português,disponível
3885380536069,BIO-01.09,Biologia,Bioquímica,The Mitochondrion,,Albert L. Lehninger,1,0,Inglês,disponível
3906699446631,VAR-03.01,Variados,Interdisciplinares,Computers and DNA,A Proceedings Volume in the Santa Fe Institute Studies in the Sciences of Complexity,"Bell, Marr",1,7,Inglês,disponível
3912360401274,VAR-02.06,Variados,História e Filosofia da Ciência,História da Matemática,,Carl B. Boyer,2,0,Português,disponível
3914546363680,FIS-01.02 v.1,Física,Física Geral,Curso de Física Básica,Mecânica,H. Moysés Nussenzveig,3,1,Português,disponível
3925187813915,CMP-03.04,Computação,Análise Numérica,Introduction to Numerical Analysis,,"Stoer, Bulirsch",2,0,Inglês,disponível
3940470113367,QUI-01.03 v.2,Química,Química Geral,Coleção de Química Conceitual,"Energia, Estados e Transformações Químicas",Henrique E. Toma,1,2,Português,disponível
3950576327186,FIS-02.04,Física,Mecânica,Introdução à Mecânica Clássica,,Artur O. Lopes,1,0,Português,disponível
3952153883948,MAT-07.04,Matemática,Lógica e Fundamentos,Teoria Elementar dos Conjuntos,,Edgard de Alencar Filho,11,0,Português,disponível
3964505489951,MAT-04.08,Matemática,Análise,Problemas y Ejercicios de Analisis Matematico,,B. Demidovitch,1,0,Espanhol,disponível
3972317787875,MAT-02.04,Matemática,Geometria Analítica,Geometria Analítica,Um Tratamento Vetorial,"Oliveira, Boulos",2,0,Português,disponível
3975036274558,MAT-03.06,Matemática,Álgebra Linear,Álgebra Linear,,Seymour Lipschutz,3,0,Português,disponível
3982685568631,CMP-04.11,Computação,Probabilidade e Estatística,Stochastic Processes,,Sheldon M. Ross,2,0,Inglês,disponível
4068152322902,FIS-01.03 v.3,Física,Física Geral,Berkeley Physics Course,Ondas,Frank S. Crawford Jr.,1,3,Espanhol,disponível
4078218408525,QUI-04.01,Química,Química Orgânica,Química Orgânica,,"Allinger, Cava, de Jongh, Johnson, Lebel, Stevens",2,0,Português,disponível
4085966916028,BIO-01.13,Biologia,Bioquímica,Manual de Quimica Fisiologica,,Harold A. Harper,1,0,Espanhol,disponível
4118301120627,BIO-01.08,Biologia,Bioquímica,Harper's Illustrated Biochemistry,,"Murray, Granner, Mayes, Rodwell",26,0,Inglês,emprestado
4129719789207,FIS-01.03 v.1,Física,Física Geral,Berkeley Physics Course,Mecánica,"Kittel, Knight, Ruderman",2,1,Espanhol,disponível
4156768260265,MAT-01.02,Matemática,Cálculo,Calculus,Cálculo Infinitesimal,Michael Spivak,2,0,Espanhol,disponível
4194611144027,FIS-01.01 v.2,Física,Física Geral,The Feynman Lectures on Physics,Commemorative Issue,"Feynman, Leighton, Sands",1,2,Inglês,disponível
4195229767981,MAT-03.05,Matemática,Álgebra Linear,Álgebra Linear e Geometria Eucliana,,Alexandre A. M. Rodrigues,5,0,Português,disponível
4200647389681,FIS-02.02 v.1,Física,Mecânica,Mecânica Clássica,,Kazunori Watari,2,1,Português,disponível
4214166333162,QUI-01.02 v.1,Química,Química Geral,Química,A Matéria e sua Transformações,"Brady, Sense",5,1,Português,disponível
4241021181231,FIS-05.01,Física,Física Moderna,Mecânica Quântica,,Antonio F. R. De Toledo Piza,1,0,Português,disponível
4273792091174,BIO-04.04,Biologia,Biologia de Sistemas,Neuroanatomia Funcional,,Angelo Barbosa Monteiro Machado,2,0,Português,disponível
4276569997013,CMP-02.03,Computação,Algoritmos e Estruturas de Dados,Algoritmos em Linguagem C,,Paulo Feofiloff,1,0,Português,disponível
4276741894253,MAT-01.12 v.1,Matemática,Cálculo,Cálculo com Geometria Analítica,,George F. Simmons,1,1,Português,disponível
4328265965886,MAT-01.22,Matemática,Cálculo,Cálculo,"Funções de Várias Variáveis, Campos Vetoriais, Séries e Equações Diferenciais",João A. B. Filho,1,0,Português,disponível
4334486334608,QUI-02.01,Química,Fisico-Química,Physical Chemistry,,Peter William Atkins,4,0,Inglês,disponível
4337293365414,VAR-02.05,Variados,História e Filosofia da Ciência,Madame Curie,A Biography,Eve Curie,1,0,Inglês,disponível
4346223505271,BIO-01.06,Biologia,Bioquímica,Biochemistry,,"Garrett, Grisham",1,0,Inglês,disponível
4354423190081,MAT-04.07,Matemática,Análise,Análise no Espaço Rn,,Elon Lages Lima,2,0,Português,disponível
4389348674705,BIO-06.03,Biologia,Ecologia,Niche Construction,The Neglected Process in Evolution,"Odling-Smee, Lala, Feldman",1,0,Inglês,disponível
4411666427258,CMP-02.04,Computação,Algoritmos e Estruturas de Dados,Desenvolvimento de Algoritmos e Complexidade de Computação,,Routo Terada,1,0,Português,disponível
4441502277228,MAT-03.09,Matemática,Álgebra Linear,Álgebra Linear e Aplicações,,"Callioli, Domingues, Costa",4,0,Português,disponível
4450587166327,CMP-03.05,Computação,Análise Numérica,Análise Numérica,,"Burden, Faires",8,0,Português,disponível
4461991626680,MAT-02.11,Matemática,Geometria Analítica,Geometria Analítica,,David C. Murdoch,2,0,Português,disponível
4478252960780,MAT-01.02,Matemática,Cálculo,Calculus,,Michael Spivak,2,0,Inglês,disponível
4479802939928,BIO-07.01,Biologia,Botânica,Biochemistry & Molecular Biology of Plants,,"Buchanan, Gruissem, Jones",1,0,Inglês,disponível
4497774975140,MAT-03.16,Matemática,Álgebra Linear,Álgebra Linear,,"Hoffman, Kunze",1,0,Português,disponível
4516465424627,BIO-04.01,Biologia,Biologia de Sistemas,Essentials of Neural Science and Behavior,International Edition,"Kandel, Schwartz, Jessell",1,0,Inglês,disponível
4538115934331,QUI-01.12,Química,Química Geral,Teaching General Chemistry,A Materials Science Companion,"Ellis, Geselbracht, Johnson, Lisensky, Robinson",1,0,Inglês,disponível
4544391314606,QUI-03.01,Química,Química Inorgânica,Inorganic Chemistry,,"Miessler, Tarr",4,0,Inglês,disponível
4550001751662,FIS-01.04 v.3,Física,Física Geral,Course of Theoretical Physics,Quantum Mechanics (Non-relativistic Theory),"Landau, Lifshitz",3,3,Inglês,disponível
4565171287224,FIS-01.03 v.4,Física,Física Geral,Berkeley Physics Course,Física Cuántica,Eyvind H. Wichmann,1,4,Espanhol,disponível
4579361211968,MAT-01.06,Matemática,Cálculo,A First Course in Calculus,,Serge Lang,5,0,Inglês,disponível
4585740737172,QUI-04.06,Química,Química Orgânica,Organic Chemistry,,Stanley H. Pine,5,0,Inglês,disponível
4602626167196,BIO-01.03,Biologia,Bioquímica,Bioquimíca,Combo (Volumes 1-3),"Campbell, Farrell",5,0,Português,emprestado
4626307858944,FIS-01.01 v.2,Física,Física Geral,The Feynman Lectures on Physics,,"Feynman, Leighton, Sands",1,2,Inglês,disponível
4634038779247,MAT-04.04,Matemática,Análise,Real Analysis,,"Haaser, Sullivan",1,0,Inglês,disponível
4686753005149,VAR-02.02,Variados,História e Filosofia da Ciência,Física e Filosofia,,Werner Heisenberg,4,0,Português,disponível
4706433838468,CMP-04.03,Computação,Probabilidade e Estatística,Estatística Aplicada,,"Larson, Farber",2,0,Português,disponível
4737873556216,CMP-04.01,Computação,Probabilidade e Estatística,Noções de Probabilidade e Estatística,,"Magalhães, Lima",7,0,Português,disponível
4738349915179,FIS-01.01 v.3,Física,Física Geral,The Feynman Lectures on Physics,,"Feynman, Leighton, Sands",1,3,Inglês,disponível
4753995696814,VAR-03.01,Variados,Interdisciplinares,Lectures In The Sciences Of Complexity,A Lectures Volume in the Santa Fe Institute Studies in the Sciences of Complexity,Daniel L. Stein,1,1,Inglês,disponível
4759346147554,MAT-02.12,Matemática,Geometria Analítica,Introdução à Álgebra das Matrizes,,School Mathematics Study Gorup,1,0,Português,disponível
4764993491912,FIS-01.11,Física,Física Geral,University Physics,,George Brown Arfken,2,0,Inglês,disponível
4777150245204,CMP-01.03,Computação,Fundamentos de Computação,Python Programming,,John M. Zelle,1,0,Inglês,disponível
4811821571077,BIO-06.01,Biologia,Ecologia,The Superorganism,"The Beauty, Elegance, and Strangeness of Insect Societies","Holldobler, Wilson",1,0,Inglês,disponível
4820343319678,CMP-06.01,Computação,Programação,Mathematica,A System for Doing Mathematics by Computer,Stephen Wolfram,2,0,Inglês,disponível
4837540229099,MAT-08.05,Matemática,Equações Diferenciais,Fourier Series and Boundary Value Problems,,Ruel V. Churchill,2,0,Inglês,disponível
4839164316360,MAT-04.16,Matemática,Análise,Introducción al Análisis Matricial,Un estudio de la Moderna Teoria de Matrices,Richard Bellman,1,0,Espanhol,disponível
4871261788572,MAT-03.11,Matemática,Álgebra Linear,Álgebra Linear,,"Steinbruch, Winterle",2,0,Português,disponível
4887724644897,BIO-02.02,Biologia,Biologia Molecular e Celular,Molecular Biology of the Cell: The Problems Book,,"Wilson, Hunt",5,0,Inglês,disponível
4892721523564,MAT-05.08 v. 1,Matemática,Álgebra Abstrata,Módulos de Tipo Finito Sobre um Anel Principal,,Antônio Kumpera,1,1,Português,disponível
4894578306079,MAT-01.02,Matemática,Cálculo,Calculus,Cálculo Infinitesimal,Michael Spivak,2,0,Espanhol,disponível
4899525894913,BIO-02.04,Biologia,Biologia Molecular e Celular,Biologia Celular y Molecular,,"De Robertis, De Robertis",10,0,Espanhol,disponível
4901640415734,QUI-01.11,Química,Química Geral,Química ao Cubo,,"Burrows, Holman, Parsons, Pilling, Price",1,0,Português,disponível
4905928890688,MAT-03.02,Matemática,Álgebra Linear,Álgebra Linear,,"Boldrini, Costa, Figueiredo, Wetzler",3,0,Português,disponível
4908017846238,FIS-01.01 v.2,Física,Física Geral,The Feynman Lectures on Physics,,"Feynman, Leighton, Sands",1,2,Inglês,disponível
4912212304356,MAT-01.12 v.2,Matemática,Cálculo,Cálculo com Geometria Analítica,,George F. Simmons,1,2,Português,disponível
4938963273680,MAT-04.07,Matemática,Análise,Análise no Espaço Rn,,Elon Lages Lima,1,0,Português,disponível
4940772484676,CMP-05.04,Computação,Teoria da Computação,Map Color Theorem,,Gerhard Ringel,1,0,Inglês,disponível
4951640118142,MAT-01.19,Matemática,Cálculo,Cálculo em Uma Variável Real,,Plácido Z. Táboas,1,0,Português,disponível
4953611435357,FIS-01.16 v.4,Física,Física Geral,Pauli Lectures on Physics,,Wolfgang Pauli,1,4,Inglês,disponível
4983555527351,QUI-04.02 v.2,Química,Química Orgânica,Química Orgânica,Curso Básico Universitário,Maurício Gomes Constantino,1,2,Português,disponível
5084635916726,MAT-03.05,Matemática,Álgebra Linear,Álgebra Linear e Geometria Eucliana,,Alexandre A. M. Rodrigues,5,0,Português,disponível
5094956988494,MAT-05.12,Matemática,Álgebra Abstrata,Théorie des Équations Algébriques,,Julius Petersen,1,0,Outro,disponível
5121385445059,VAR-02.03,Variados,História e Filosofia da Ciência,Principia,The System of the World,Sir Isaac Newton,1,2,Inglês,disponível
5122532691459,MAT-03.08,Matemática,Álgebra Linear,Álgebra Linear com Aplicações,,Steven J. Leon,4,0,Português,disponível
5136389647873,MAT-01.12 v.1,Matemática,Cálculo,Cálculo com Geometria Analítica,,George F. Simmons,1,1,Português,disponível
5143239814125,BIO-07.02,Biologia,Botânica,Biologia Vegetal,,"Raven, Evert, Eichhorn",6,0,Português,disponível
5147534992502,MAT-07.05,Matemática,Lógica e Fundamentos,Fundamentos de la Teoria de los Numeros,,I. Vinográdov,1,0,Espanhol,disponível
5158419733585,FIS-02.01,Física,Mecânica,Introduction to Classical Mechanics,,David Morin,1,0,Inglês,disponível
5180966338494,MAT-01.12 v.2,Matemática,Cálculo,Cálculo com Geometria Analítica,,George F. Simmons,1,2,Português,disponível
5188094271133,MAT-01.07,Matemática,Cálculo,Calculus of Several Variables,,Serge Lang,3,0,Inglês,disponível
5192235011465,BIO-01.11,Biologia,Bioquímica,Biochemical and Clinical Aspects of Hemoglobin Abnormalities,,Helen Caughey,1,0,Inglês,disponível
5202211770061,MAT-03.05,Matemática,Álgebra Linear,Álgebra Linear e Geometria Eucliana,,Alexandre A. M. Rodrigues,5,0,Português,disponível
5207683211388,MAT-01.28 v.3,Matemática,Cálculo,Fórmula Matemática,Funções Especiais,Ueda Keikyu,1,3,Outro,disponível
5214937367395,FIS-01.04 v.5,Física,Física Geral,Course of Theoretical Physics,Statistical Physics Part 1,"Landau, Lifshitz",3,5,Inglês,disponível
5259355429003,CMP-02.04,Computação,Algoritmos e Estruturas de Dados,Desenvolvimento de Algoritmos e Complexidade de Computação,,Routo Terada,1,0,Português,disponível
5270630810750,BIO-01.02,Biologia,Bioquímica,Biochemistry,,"Voet, Voet",2,0,Inglês,disponível
5291525963634,QUI-01.08,Química,Química Geral,Principios Básicos de Química,,"Gray, Haight Jr.",1,0,Espanhol,disponível
5309813038527,MAT-04.15,Matemática,Análise,Espaços Métricos,,Ernesto Rosa Neto,1,0,Português,disponível
5333065699687,MAT-03.17,Matemática,Álgebra Linear,Elementos de Álgebra Vetorial,Uma Iniciação à Álgebra Linear,Roberto de Barros Lima,1,0,Português,disponível
5336604698530,FIS-01.02 v.3,Física,Física Geral,Curso de Física Básica,Eletromagnetismo,H. Moysés Nussenzveig,1,3,Português,disponível
5364455713461,FIS-03.02,Física,Termodinâmica,Thermodynamics and an Introduction to Thermostatistics,,Herbert B. Callen,2,0,Inglês,disponível
5404501940806,CMP-04.12,Computação,Probabilidade e Estatística,Data Analysis Using Regression and Multilevel / Hierarchical Models,Analytical Methods for Social Research,"Gelman, Hill",1,0,Inglês,disponível
5417171798905,FIS-01.05 v.1,Física,Física Geral,Física,,"Halliday, Resnick",1,1,Português,disponível
5430273243937,CMP-03.02,Computação,Análise Numérica,Analysis of Numerical Methods,,"Isaacson, Keller",1,0,Inglês,disponível
5443455735069,MAT-05.05,Matemática,Álgebra Abstrata,Algebraic Functions,,Gilbert A. Bliss,1,0,Inglês,disponível
5464331791887,VAR-03.09,Variados,Interdisciplinares,"Energia, Meio Ambiente e Desenvolvimento",,"Goldemberg, Lucon",3,0,Português,disponível
5469919925708,MAT-07.08,Matemática,Lógica e Fundamentos,Theory and Problems of Finite Mathematics,,Seymour Lipschutz,1,0,Inglês,disponível
5520205891081,FIS-01.01 v.3,Física,Física Geral,The Feynman Lectures on Physics,Commemorative Issue,"Feynman, Leighton, Sands",1,3,Inglês,disponível
5543412205489,MAT-03.10,Matemática,Álgebra Linear,Algebra Vetorial e Geometria,,"Medeiros, Andrade, Wanderley",1,0,Português,disponível
5567311197737,CMP-03.11,Computação,Análise Numérica,Cálculo Numérico,,"Barroso, Barroso, Campos, Carvalho, Maia",1,0,Português,disponível
5588472432833,CMP-02.04,Computação,Algoritmos e Estruturas de Dados,Desenvolvimento de Algoritmos e Complexidade de Computação,,Routo Terada,1,0,Português,disponível
5599583154958,FIS-06.03,Física,Física Matemática,Introdução à Física Estatística,,Silvio R. A. Salinas,1,0,Português,disponível
5615970435407,MAT-01.09 v.1,Matemática,Cálculo,Cálculo,Um Curso Universitário,Edwin E. Moise,1,1,Português,disponível
5631037433179,MAT-06.05,Matemática,Topologia e Geometria,Introdução às Curvas Algébricas Planas,,Israel Vainsencher,1,0,Português,disponível
5645449800382,CMP-07.05,Computação,Sistemas e Redes,Introdução à Supercomputação,"Coleção ""A Era da Informática: Estudos Avançados""","Almeida, Árabe",1,0,Português,disponível
5681214267103,BIO-02.01,Biologia,Biologia Molecular e Celular,Molecular Biology of the Cell,,"Alberts, Bray, Lewis, Raff, Roberts, Watson",2,0,Inglês,disponível
5721722254353,CMP-02.04,Computação,Algoritmos e Estruturas de Dados,Desenvolvimento de Algoritmos e Complexidade de Computação,,Routo Terada,1,0,Português,disponível
5739177673339,VAR-03.11,Variados,Interdisciplinares,"Matemática para os Cursos de Economia, Administração e Ciências Contábeis",,Medeiros da Silva,3,1,Português,disponível
5769614822044,MAT-04.06 v.1,Matemática,Análise,Curso de Análise,,Elon Lages Lima,9,1,Português,emprestado
5778168934677,VAR-01.02,Variados,Divulgação Científica,Sobre as Leis da Física,,Richard Feynman,1,0,Português,disponível
5789908511096,CMP-01.02,Computação,Fundamentos de Computação,Structure and Interpretation of Computer Programs,,"Harold Abelson, Gerald Jay Sussman, Julie Sussman",1,0,Inglês,disponível
5813409154596,CMP-04.07,Computação,Probabilidade e Estatística,Manual de la Teoria de Probabilidades y Estadistica Matemática,,Academia de Ciencias de la RSS de Ucrania,1,0,Espanhol,disponível
5832408329613,MAT-06.07,Matemática,Topologia e Geometria,Poliedros,,Alcyr Pinheiro Rangel,1,0,Português,disponível
5841907561639,VAR-04.01,Variados,Literatura,Dicionário de Provérbios,"Francês, Português, Inglês","Lacerda, Lacerda, Abreu",1,0,Outro,disponível
5855498961013,MAT-05.10 v.3,Matemática,Álgebra Abstrata,Teoria dos Corpos Comutativos,Corpos Ordenados e Teoria das Avaliações,Jean A. Dieudonné,1,3,Português,disponível
5857261061852,QUI-02.03,Química,Fisico-Química,Fundamentos de Termodinâmica e Cinética Química,,Edward de Souza,1,0,Português,disponível
5885755987548,MAT-05.13,Matemática,Álgebra Abstrata,Elliptic Integrals,,Harris Hancock,1,0,Inglês,disponível
5896596428091,MAT-01.29,Matemática,Cálculo,Tensor Calculus,,Barry Spain,3,0,Inglês,disponível
5899561036192,CMP-04.13 v.1,Computação,Probabilidade e Estatística,Exercícios de Estatística,,Victor Mirshawka,1,1,Português,disponível
5914691090040,VAR-03.01,Variados,Interdisciplinares,Lattice Gas Methods For Partial Differential Equations,A Proceedings Volume in the Santa Fe Institute Studies in the Sciences of Complexity,Gary Doolen,1,4,Inglês,disponível
5970053764257,MAT-04.09,Matemática,Análise,Análise I,,Djairo G. de Figueiredo,1,0,Português,disponível
5974016107594,CMP-03.10,Computação,Análise Numérica,Noções Básicas de Cálculo Numérico,,"Humes, Melo, Yoshida, Martins",1,0,Português,disponível
5986236197569,BIO-04.02,Biologia,Biologia de Sistemas,Cem Bilhões de Neurônios,Conceitos Fundamentais de Neurociência,Roberto Lent,1,0,Português,disponível
5989277792649,FIS-05.04,Física,Física Moderna,Exploring Black Holes,Introduction to General Relativity,"Taylor, Wheeler",1,0,Inglês,disponível
5993828668000,MAT-01.02,Matemática,Cálculo,Calculus,Cálculo Infinitesimal,Michael Spivak,2,0,Espanhol,disponível
6040245525221,MAT-01.02,Matemática,Cálculo,Calculus,Cálculo Infinitesimal,Michael Spivak,2,0,Espanhol,disponível
6044911967742,MAT-02.09,Matemática,Geometria Analítica,"Matrizes, Vetores, Geometria Analítica",,"Caroli, Callioli, Feitosa",8,0,Português,disponível
6076027487302,VAR-03.01,Variados,Interdisciplinares,1989 Lectures In The Sciences Of Complex Systems,A Lectures Volume in the Santa Fe Institute Studies in the Sciences of Complexity,Erica Jen,1,2,Inglês,disponível
6093988864614,FIS-05.06,Física,Física Moderna,Física Atómica,,Max Born,4,0,Português,disponível
6123243860508,MAT-05.09,Matemática,Álgebra Abstrata,Álgebras de Lie e Álgebra Associativas,,Roberto C. F. Costa,1,0,Português,disponível
6129612556591,FIS-01.04 v.2,Física,Física Geral,Physique Théorique,Théorie du Champ,"Landau, Lifshitz",1,2,Outro,disponível
6132782344523,MAT-03.06,Matemática,Álgebra Linear,Álgebra Linear,,Seymour Lipschutz,3,0,Português,disponível
6162610895668,QUI-04.03 v.1,Química,Química Orgânica,Química Orgânica,,John McMurry,7,1,Português,disponível
6178936680147,QUI-02.02,Química,Fisico-Química,Physical Chemistry,A Molecular Approach,"McQuarrie, Simon",1,0,Inglês,disponível
6221494006352,FIS-01.02 v.1,Física,Física Geral,Curso de Física Básica,Mecânica,H. Moysés Nussenzveig,1,1,Português,disponível
6256507775581,MAT-01.06,Matemática,Cálculo,A First Course in Calculus,,Serge Lang,5,0,Inglês,disponível
6258947698512,QUI-02.01 v.1,Química,Fisico-Química,Físico-Química,,"Atkins, de Paula",10,1,Português,disponível
6261449917180,QUI-05.01 v.2,Química,Química Experimental,Química Analítica Quantitativa,,Otto A. Ohlweiler,3,2,Português,disponível
6269099794021,BIO-01.03,Biologia,Bioquímica,Bioquimíca,,Mary K. Campbell,3,0,Português,disponível
6278749367287,CMP-07.01,Computação,Sistemas e Redes,Sistemas Digitais,Fundamentos e Aplicações,Thomas L. Floyd,9,0,Português,disponível
6279100786105,QUI-04.07,Química,Química Orgânica,Organic Chemistry,,Francis A. Carey,3,0,Inglês,disponível
6302168879158,FIS-02.02 v.2,Física,Mecânica,Mecânica Clássica,,Kazunori Watari,1,2,Português,disponível
6303236881523,QUI-04.02 v.3,Química,Química Orgânica,Química Orgânica,Curso Básico Universitário,Maurício Gomes Constantino,1,3,Português,disponível
6310437998387,MAT-03.04,Matemática,Álgebra Linear,Álgebra Linear,,Serge Lang,1,0,Português,disponível
6322210255792,FIS-01.03 v.1,Física,Física Geral,Berkeley Physics Course,Mecánica,"Kittel, Knight, Ruderman",2,1,Espanhol,disponível
6336707191548,BIO-05.02,Biologia,Desenvolvimento,Analysis of Biological Development,,Klaus Kalthoff,2,0,Inglês,disponível
6337911671680,MAT-01.30 v.1,Matemática,Cálculo,Cours de Mathématiques Supérieures,,V. Smirnov,1,1,Outro,disponível
6439698309111,FIS-04.02 v.1,Física,Eletromagnetismo,Eletricidade,Eletrodinâmica,Gerhard Sengberg,13,1,Português,disponível
6457774287849,MAT-09.04,Matemática,Funções Complexas,Introductory Complex Analysis,,Richard A. Silverman,1,0,Inglês,disponível
6458371105109,MAT-04.18,Matemática,Análise,Non-Deterministic Analysis and Applications,,Rubens G. Lintz,1,0,Inglês,disponível
6461871801716,MAT-01.17,Matemática,Cálculo,Cálculo,Funções de Uma e Várias Variáveis,"Morettin, Hazzan, Bussab",1,0,Português,disponível
6482330729785,QUI-01.04,Química,Química Geral,Study Guide to Accompany Chemistry and Chemical Reactivity Kotz & Purcell,,Harry E. Pence,2,0,Inglês,disponível
6491738261056,QUI-01.10,Química,Química Geral,Neoquímica,A Química Moderna e Suas Aplicações,Nina Hall,1,0,Português,disponível
6522186501576,MAT-04.07,Matemática,Análise,Análise no Espaço Rn,,Elon Lages Lima,2,0,Português,disponível
6524339564766,QUI-02.01,Química,Fisico-Química,Physical Chemistry,,Peter William Atkins,4,0,Inglês,disponível
6530775485190,FIS-01.02 v.1,Física,Física Geral,Curso de Física Básica,Mecânica,H. Moysés Nussenzveig,5,1,Português,disponível
6548567728615,MAT-01.10 v.2,Matemática,Cálculo,O Cálculo com Geometria Analítica,,Louis Leithold,2,2,Português,disponível
6592531867091,FIS-02.03,Física,Mecânica,Theoretical Mechanics,,"Movnin, Izrayelit",1,0,Inglês,disponível
6611908711628,FIS-01.04 v.5,Física,Física Geral,Course of Theoretical Physics,Statistical Physics Part 1,"Landau, Lifshitz",3,5,Inglês,disponível
6616605455097,FIS-05.03,Física,Física Moderna,Teoria Quântica de Moléculas e Sólidos,,"Vianna, Fazzio, Canuto",1,0,Português,disponível
6616767891290,MAT-01.25 v.1,Matemática,Cálculo,Cálculo Avançado,,Wilfred Kaplan,1,1,Português,disponível
6619329654814,BIO-01.03,Biologia,Bioquímica,Bioquimíca,,Mary K. Campbell,3,0,Português,disponível
6625360727141,CMP-04.13 v.1,Computação,Probabilidade e Estatística,Estatística,,Victor Mirshawka,4,1,Português,disponível
6646702618965,FIS-01.09 v.1,Física,Física Geral,Física,Mecânica,GREF,1,1,Português,disponível
6652347720734,MAT-01.03 v.2,Matemática,Cálculo,Um Curso de Cálculo,,Hamilton Luiz Guidorizzi,3,2,Português,disponível
6659709643441,BIO-07.01,Biologia,Botânica,Biochemistry & Molecular Biology of Plants,,"Buchanan, Gruissem, Jones",1,0,Inglês,disponível
6705102812691,CMP-03.09,Computação,Análise Numérica,Introdução ao Cálculo Numérico,,Ivan Q. Barroz,1,0,Português,disponível
6710807893814,FIS-01.04 v.9,Física,Física Geral,Course of Theoretical Physics,Statistical Physics Part 2,"Lifshitz, Pitaevskii",1,9,Inglês,disponível
6716852195859,BIO-03.02,Biologia,Genética e Evolução,The Making of a Fly,The Genetics of Animal Design,P. A. Lawrence,1,0,Inglês,disponível
6732202279932,FIS-01.17,Física,Física Geral,Manual de Laboratório de Física,,"Albuquerque, Yoe, Tobelem, Pinto",1,0,Português,disponível
6747825671704,MAT-02.06,Matemática,Geometria Analítica,Geometria Analítica Plana,,"Steinbruch, Basso",1,0,Português,disponível
6762853375332,CMP-03.02,Computação,Análise Numérica,Analysis of Numerical Methods,,"Isaacson, Keller",1,0,Inglês,disponível
6805316427510,VAR-03.06,Variados,Interdisciplinares,Microeletrônica,,"Sedra, Smith",4,0,Português,disponível
6854989846814,FIS-07.04,Física,Astronomia e Astrofísica,Introdução à Estrutura e Evolução Estelar,,Walter Junqueira Maciel,1,0,Português,disponível
6873756471110,MAT-08.04,Matemática,Equações Diferenciais,Moderna Introdução às Equações Diferenciais,,Richard Bronson,1,0,Português,disponível
6893375841606,FIS-02.02 v.1,Física,Mecânica,Mecânica Clássica,,Kazunori Watari,2,1,Português,disponível
6923408317423,QUI-02.01,Química,Fisico-Química,Physical Chemistry,,Peter William Atkins,4,0,Inglês,disponível
6935723739514,MAT-01.08 v.1,Matemática,Cálculo,Cálculo,,James Stewart,5,1,Português,disponível
6962660921207,QUI-02.01,Química,Fisico-Química,Physical Chemistry,,Peter William Atkins,5,0,Inglês,disponível
6966565953301,FIS-01.03 v.5,Física,Física Geral,Berkeley Physics Course,Física Estadística,F. Reif,1,5,Espanhol,disponível
6967482062602,MAT-07.07,Matemática,Lógica e Fundamentos,Funções Aritméticas Números Notáveis,,Edgard De Alencar Filho,1,0,Português,disponível
6998745522748,FIS-05.08,Física,Física Moderna,Teoria Quântica,,Eduardo M.A. Peixoto,1,0,Português,disponível
7020484952940,FIS-01.05 v.3,Física,Física Geral,Física,,"Halliday, Resnick",4,3,Português,disponível
7022298133355,VAR-02.01,Variados,História e Filosofia da Ciência,A Mathematical History of The Golden Number,,Roger Herz-FIschler,1,0,Inglês,disponível
7048645680716,FIS-01.04 v.5,Física,Física Geral,Physique Théorique,"Physique Statistique, Primiére Partie","Landau, Lifshitz",3,5,Outro,disponível
7062202074084,QUI-05.02,Química,Química Experimental,Fundamentos de Química Experimental,,"Constantino, Silva, Donate",1,0,Português,disponível
7071950737837,BIO-02.01,Biologia,Biologia Molecular e Celular,Molecular Biology of the Cell,,"Alberts, Bray, Lewis, Raff, Roberts, Watson",2,0,Inglês,disponível
7081862074098,BIO-01.04,Biologia,Bioquímica,Bioquimíca,,"Stryer, Tymoczko, Berg",6,0,Espanhol,disponível
7084521919587,FIS-05.07,Física,Física Moderna,Introdução à Física de Partículas,,Anna Maria Freire Endler,1,0,Português,disponível
7117519831254,MAT-04.14 v.1,Matemática,Análise,Nociones de espacios normados,,"Cotlar, Cignoli",1,1,Espanhol,disponível
7155453568362,FIS-01.06 v.2,Física,Física Geral,Física,"Magnetismo, Eletricidade",Francis W. Sears,1,2,Português,disponível
7171023945104,CMP-03.05,Computação,Análise Numérica,Numerical Analysis,,"Burden, Faires",6,0,Inglês,disponível
7179022321912,FIS-01.08 v.2,Física,Física Geral,Física,"Eletricidade e Magnetismo, Ótica",Paul A. Tipler,4,2,Português,disponível
7223665595169,MAT-05.07,Matemática,Álgebra Abstrata,Introdução à Teoria dos Grupos e à Teoria de Galois,,Paulo A. Martin,1,0,Português,disponível
7256273166650,BIO-03.06,Biologia,Genética e Evolução,The Rough Guide to Genes & Cloning,,"Buxton, Turney",1,0,Inglês,disponível
7256955107575,CMP-03.07,Computação,Análise Numérica,Cálculo Numérico,,"Gomes, Rocha",2,0,Português,disponível
7273558183294,FIS-06.05,Física,Física Matemática,Catastrophe Theory,,"Castrigiano, Hayes",1,0,Inglês,disponível
7303013682441,MAT-01.06,Matemática,Cálculo,A First Course in Calculus,,Serge Lang,5,0,Inglês,disponível
7349950603309,QUI-02.05,Química,Fisico-Química,Eletroquímica,Princípios e Aplicações,Edson Antonio Ticianelli,1,0,Português,disponível
7357285486375,FIS-02.02 v.1,Física,Mecânica,Mecânica Clássica,,Kazunori Watari,2,1,Português,disponível
7360333225178,MAT-05.06,Matemática,Álgebra Abstrata,Álgebra Moderna Básica,,"Birkohff, Mac-Lane",4,0,Português,disponível
7383295902932,MAT-04.03,Matemática,Análise,Elementary Analysis,The Theory of Calculus,Kenneth A. Ross,1,0,Inglês,disponível
7389768842699,CMP-01.04,Computação,Fundamentos de Computação,Introdução à Programação Orientada a Objetos Usando Java,,Rafael Santos,1,0,Português,disponível
7407274066368,FIS-01.06 v.1,Física,Física Geral,Física,"Mecânica, Calor, Acústica",Francis W. Sears,1,1,Português,disponível
7449380007569,MAT-04.01,Matemática,Análise,Análisis Matemático,,Tom M. Apostol,1,0,Espanhol,disponível
7454390391805,BIO-01.06,Biologia,Bioquímica,Biochemistry,,"Garrett, Grisham",1,0,Inglês,disponível
7454515243996,VAR-03.01,Variados,Interdisciplinares,Molecular Evolution On Rugged Landscapes,A Proceedings Volume in the Santa Fe Institute Studies in the Sciences of Complexity,"Perelson, Kauffman",1,9,Inglês,disponível
7487168001712,MAT-02.08,Matemática,Geometria Analítica,Elementos de Geometria Analítica,,Roberto B. Lima,4,0,Português,disponível
7508314133405,QUI-02.01 v.2,Química,Fisico-Química,Fisicoquímica,,Peter William Atkins,6,2,Português,disponível
7516747321610,MAT-03.01,Matemática,Álgebra Linear,Álgebra Linear,,Elon Lages Lima,2,0,Português,disponível
7529329212558,CMP-03.10,Computação,Análise Numérica,Noções de Cálculo Numérico,,"Humes, Melo, Yoshida, Martins",1,0,Português,disponível
7563228128824,FIS-03.09,Física,Termodinâmica,Introduction to Modern Thermodynamics,,Dilip Kondepudi,1,0,Inglês,disponível
7571866972013,MAT-09.03,Matemática,Funções Complexas,Cálculo em Uma Variável Complexa,,Marcio G. Soares,3,0,Português,disponível
7586782589788,MAT-03.13,Matemática,Álgebra Linear,Fundamentos de Algebra Lineal,,A. I. Máltsev,1,0,Espanhol,disponível
7608954672347,VAR-03.13,Variados,Interdisciplinares,Engenharia de Controle Moderno,,Katsuhiko Ogata,4,0,Português,disponível
7613112922035,MAT-05.03,Matemática,Álgebra Abstrata,Fundamental Structures of Algebra,,"Mostow, Sampson, Meyer",1,0,Inglês,disponível
7629032979752,MAT-03.03,Matemática,Álgebra Linear,Um Curso de Álgebra Linear,,"Coelho, Lourenço",2,0,Português,disponível
7639281654898,MAT-04.17,Matemática,Análise,Introductory Functional Analysis with Applications,,Erwin Kreyszig,1,0,Inglês,disponível
7640951907503,FIS-01.03 v.2,Física,Física Geral,Berkeley Physics Course,Electricidad y Magnetismo,Edward M. Purcell,2,2,Espanhol,disponível
7641926689639,MAT-04.03,Matemática,Análise,Elementary Analysis,The Theory of Calculus,Kenneth A. Ross,1,0,Inglês,disponível
7656594998174,MAT-02.10,Matemática,Geometria Analítica,Matrizes e Sistemas Lineares,,"Caroli, Callioli, Feitosa",1,0,Português,disponível
7665689615551,MAT-04.11,Matemática,Análise,A Integral de Lebesgue,,"Medeiros, Mello",1,0,Português,disponível
7685049134461,MAT-05.06,Matemática,Álgebra Abstrata,Álgebra Moderna,,"Birkohff, Mac-Lane",4,0,Espanhol,disponível
7691207204303,CMP-04.09,Computação,Probabilidade e Estatística,Fundamentos da Teoria dos Erros,,Jose Henrique Vuolo,2,0,Português,disponível
7716532864425,QUI-01.03 v.1,Química,Química Geral,Coleção de Química Conceitual,"Estrutura Atômica, Ligações e Estereoquimica",Henrique E. Toma,1,1,Português,emprestado
7759158987697,BIO-01.01,Biologia,Bioquímica,Principles of Biochemistry,,"Lehninger, Nelson, Cox",4,0,Inglês,disponível
7774668082380,FIS-03.08,Física,Termodinâmica,Termodinâmica,,Mário José de Oliveira,1,0,Português,disponível
7794724995256,FIS-01.01 v.3,Física,Física Geral,The Feynman Lectures on Physics,,"Feynman, Leighton, Sands",1,3,Inglês,disponível
7804414532101,BIO-03.03,Biologia,Genética e Evolução,Introdução à Genética,,Anthony J. F. Griffiths,6,0,Português,disponível
7805924231010,QUI-03.02,Química,Química Inorgânica,Inorganic Chemistry,,"Shriver, Atkins, Langford",2,0,Inglês,disponível
7830794727585,MAT-01.10 v.1,Matemática,Cálculo,O Cálculo com Geometria Analítica,,Louis Leithold,3,1,Português,disponível
7888155088066,MAT-08.05,Matemática,Equações Diferenciais,Fourier Series and Boundary Value Problems,,Ruel V. Churchill,2,0,Inglês,disponível
7935786959750,MAT-04.19,Matemática,Análise,Théorie Élémentaire des Séries,,Alain Bouvier,1,0,Outro,disponível
7938258223182,FIS-01.03 v.3,Física,Física Geral,Berkeley Physics Course,Ondas,Frank S. Crawford Jr.,1,3,Espanhol,disponível
7953109061874,BIO-02.01,Biologia,Biologia Molecular e Celular,Molecular Biology of the Cell,,"Alberts, Bray, Lewis, Raff, Roberts, Watson",2,0,Inglês,disponível
8018042004551,CMP-03.03,Computação,Análise Numérica,Numerical Recipes in C,,"Press, Flannery, Teukolsky, Vetterling",2,0,Inglês,disponível
8021178602461,MAT-01.15,Matemática,Cálculo,Calculus,,"Smith, Salkover, Justice",1,0,Inglês,disponível
8035457219226,MAT-01.06,Matemática,Cálculo,A First Course in Calculus,,Serge Lang,5,0,Inglês,disponível
8047115364025,MAT-01.26 v.1,Matemática,Cálculo,Cálculo e Álgebra Linear,,"Kaplan, Lewis",1,1,Português,disponível
8066968905339,CMP-06.02,Computação,Programação,C,A Linguagem de Programação,"Kernighan, Ritchie",1,0,Português,disponível
8072346984049,FIS-04.05,Física,Eletromagnetismo,Princípios de Eletrodinâmica Clássica,,Josif Frenkel,1,0,Português,disponível
8091236429385,FIS-04.06,Física,Eletromagnetismo,Corrente Elétrica,Problemas Resolvidos,Eduardo Wilner,1,0,Português,disponível
8127981482495,VAR-03.14,Variados,Interdisciplinares,A Economia em Linguagem Matemática,,Robert C. Bingham,1,0,Português,disponível
8133938144033,MAT-01.02,Matemática,Cálculo,Calculus,Cálculo Infinitesimal,Michael Spivak,2,0,Espanhol,disponível
8177490057486,BIO-02.03,Biologia,Biologia Molecular e Celular,Biologia Celular e Molecular,,"Junqueira, Carneiro",10,0,Português,disponível
8182904575357,MAT-01.02,Matemática,Cálculo,Calculus,Cálculo Infinitesimal,Michael Spivak,2,0,Espanhol,disponível
8183511348242,MAT-04.05,Matemática,Análise,Theory of Functions,Parts I and II,Konrad Knopp,1,0,Português,disponível
8194005180811,FIS-02.09,Física,Mecânica,Métodos Matemáticos da Mecânica Clássica,,V. Arnold,1,0,Português,disponível
8195901345069,CMP-04.02,Computação,Probabilidade e Estatística,Probabilidade,Um Curso Introdutório,Carlos A. B. Dantas,3,0,Português,disponível
8200063156436,FIS-01.01 v.2,Física,Física Geral,The Feynman Lectures on Physics,,"Feynman, Leighton, Sands",1,2,Inglês,disponível
8211301338552,CMP-07.02,Computação,Sistemas e Redes,TCP/IP Internet,Protocolos e Tecnologia,Fernando Albuquerque,2,0,Português,disponível
8233413319793,MAT-02.01,Matemática,Geometria Analítica,Geometria Analitica,,"Reis, Silva",1,0,Português,disponível
8245865945062,MAT-08.02,Matemática,Equações Diferenciais,Uma introdução às Equações Diferenciais Parciais,Para Estudantes de Ciências,G. Stephenson,1,0,Português,disponível
8299977563539,MAT-04.13,Matemática,Análise,Espaços Métricos,,Elon Lages Lima,1,0,Português,disponível
8309214914434,MAT-04.02,Matemática,Análise,Análisis Matemático,Modern Mathematical Analysis,"Protter, Morrey Jr.",1,0,Inglês,disponível
8320891067022,FIS-07.01,Física,Astronomia e Astrofísica,Astronomia,Uma Visão Geral do Universo,"Friança, Dal Pino, Sodré Jr., Jatenco-Pereira",1,0,Português,disponível
8328298196390,FIS-01.04 v.2,Física,Física Geral,Course of Theoretical Physics,The Classical Theory of Fields,"Landau, Lifshitz",4,2,Inglês,disponível
8386721274107,BIO-04.01,Biologia,Biologia de Sistemas,Essentials of Neural Science and Behavior,International Edition,"Kandel, Schwartz, Jessell",1,0,Inglês,disponível
8402782809031,QUI-01.01,Química,Química Geral,Chemical Principles,,"Atkins, Jones",2,0,Inglês,disponível
8406325803623,FIS-02.10,Física,Mecânica,Problemas de Mecânica Teórica,,I.V. Mechtcherski,1,0,Português,disponível
8439133055250,BIO-07.03,Biologia,Botânica,Plant Biology,,"Smith, Coupland, Dolan, Harberd, Jones",1,0,Inglês,disponível
8442513051742,MAT-06.01,Matemática,Topologia e Geometria,Topology,An introduction to the set-theoretic and homotopy methods in general topology,James Dugundji,1,0,Inglês,disponível
8449815241086,QUI-02.01,Química,Fisico-Química,Physical Chemistry,,Peter William Atkins,4,0,Inglês,disponível
8458689069337,CMP-05.05,Computação,Teoria da Computação,Computac̦ão Gráfica: Imagem,,"Gomes, Velho",2,0,Português,disponível
8473845291445,FIS-01.02 v.2,Física,Física Geral,Curso de Física Básica,"Fluidos, Oscilações e Ondas, Calor",H. Moysés Nussenzveig,3,2,Português,emprestado
8532185355412,FIS-01.01 v.3,Física,Física Geral,The Feynman Lectures on Physics,,"Feynman, Leighton, Sands",1,3,Inglês,disponível
8611519778797,FIS-01.13,Física,Física Geral,Physics Principles and Applications,,"Margenau, Watson, Montgomery",1,0,Inglês,disponível
8647510481756,BIO-01.10,Biologia,Bioquímica,Bioenergetics,,Albert L. Lehninger,1,0,Inglês,disponível
8668774144973,FIS-02.06,Física,Mecânica,Mecânica Física,Curso Fundamental em Nível Superior,Tore Johnson,1,0,Português,disponível
8680143287425,MAT-01.24,Matemática,Cálculo,Cálculo Técnico,,"Ewen, Topper",1,0,Inglês,disponível
8711759416821,QUI-02.01 v.1,Química,Fisico-Química,Fisicoquímica,,Peter William Atkins,6,1,Português,disponível
8713111446682,QUI-02.01 v.3,Química,Fisico-Química,Fisicoquímica,,Peter William Atkins,6,3,Português,disponível
8724577115487,FIS-01.01 v.2,Física,Física Geral,The Feynman Lectures on Physics,,"Feynman, Leighton, Sands",1,2,Inglês,disponível
8728011147454,MAT-03.01,Matemática,Álgebra Linear,Álgebra Linear,,Elon Lages Lima,8,0,Português,disponível
8732080430935,MAT-03.04,Matemática,Álgebra Linear,Linear Algebra,,Serge Lang,3,0,Inglês,disponível
8769692594472,FIS-01.06 v.2,Física,Física Geral,Física,"Magnetismo, Eletricidade",Francis W. Sears,1,2,Português,disponível
8794631798451,MAT-02.03,Matemática,Geometria Analítica,Exercícios de Geometria Analítica,,Miguel O. Feitosa,3,0,Português,disponível
8796703552633,CMP-03.01,Computação,Análise Numérica,A First Course in Numerical Analysis,,"Ralston, Rabinowitz",2,0,Inglês,disponível
8799634084945,VAR-03.01,Variados,Interdisciplinares,Artificial Life,A Proceedings Volume in the Santa Fe Institute Studies in the Sciences of Complexity,Christopher G. Langton,1,1,Inglês,disponível
8861183966611,FIS-03.07,Física,Termodinâmica,Elementos de Termologia,,Tore N. O. Folmer-Johnson,1,0,Português,disponível
8876092543211,CMP-05.02,Computação,Teoria da Computação,Computability and Unsolvability,,Martin Davis,1,0,Inglês,disponível
8927485372922,MAT-01.18,Matemática,Cálculo,Elementos de Cálculo Diferencial e Integral,,"Granville, Smith, Longley",1,0,Português,disponível
8930129639466,CMP-03.08,Computação,Análise Numérica,Introdução ao Cálculo Numérico,,Giulio Massarani,2,0,Português,disponível
8931103554058,FIS-02.11 v.1,Física,Mecânica,Mecânica dos Fluidos,,Tufi Mamed Assy,1,1,Português,disponível
8969425828168,FIS-01.08 v.2,Física,Física Geral,Física: Manual de Soluções,"Eletricidade e Magnetismo, Ótica",Paul A. Tipler,4,2,Português,disponível
8970601258044,CMP-02.02 v.2,Computação,Algoritmos e Estruturas de Dados,Algorithms in C,,Robert Sedgewick,3,2,Inglês,disponível
8995699669336,MAT-01.11 v.2,Matemática,Cálculo,Cálculo com Geometria Analítica,,"Edwards, Penney",4,2,Português,disponível
8999166123574,CMP-03.09,Computação,Análise Numérica,Introdução ao Cálculo Numérico,,Ivan Q. Barroz,1,0,Português,disponível
9016203387962,QUI-04.02 v.3,Química,Química Orgânica,Química Orgânica,Curso Básico Universitário,Maurício Gomes Constantino,1,3,Português,disponível
9020196922307,MAT-03.05,Matemática,Álgebra Linear,Álgebra Linear e Geometria Eucliana,,Alexandre A. M. Rodrigues,5,0,Português,disponível
9038816215029,BIO-02.01,Biologia,Biologia Molecular e Celular,Molecular Biology of the Cell,,"Alberts, Bray, Lewis, Raff, Roberts, Watson",2,0,Inglês,disponível
9047490491773,BIO-04.01,Biologia,Biologia de Sistemas,Essentials of Neural Science and Behavior,International Edition,"Kandel, Schwartz, Jessell",1,0,Inglês,disponível
9086613159022,FIS-01.04 v.3,Física,Física Geral,Physique Théorique,Mécanique Quantique,"Landau, Lifshitz",3,3,Outro,disponível
9140342853238,FIS-02.05,Física,Mecânica,Leciones sobre Teoría de la Mecánica y sus Aplicaciones,,M. Lucini,1,0,Espanhol,disponível
9140397901090,BIO-01.04,Biologia,Bioquímica,Biochemistry,,Stryer,4,0,Inglês,disponível
9146762463781,VAR-01.04,Variados,Divulgação Científica,The Modern Aspect of Mathematics,,Lucienne Félix,1,0,Inglês,disponível
9153428752936,MAT-03.01,Matemática,Álgebra Linear,Álgebra Linear,,Elon Lages Lima,8,0,Português,disponível
9173044686828,FIS-06.02,Física,Física Matemática,Matemática para Físicos com Aplicações,,João Barcelos Neto,1,1,Português,disponível
9201855684778,MAT-04.03,Matemática,Análise,Elementary Analysis,The Theory of Calculus,Kenneth A. Ross,1,0,Inglês,disponível
9202297243035,MAT-09.02,Matemática,Funções Complexas,Funções de uma Variável Complexa,,Geraldo S. S. Ávila,1,0,Português,disponível
9214285944794,MAT-09.05,Matemática,Funções Complexas,Variáveis Complexas e suas Aplicações,,Ruev V. Churchill,1,0,Português,disponível
9217267768432,CMP-04.01,Computação,Probabilidade e Estatística,Noções de Probabilidade e Estatística,,"Magalhães, Lima",6,0,Português,disponível
9221050283743,FIS-01.01 v.3,Física,Física Geral,The Feynman Lectures on Physics,Commemorative Issue,"Feynman, Leighton, Sands",1,3,Inglês,disponível
9224757262035,BIO-01.06,Biologia,Bioquímica,Biochemistry,,"Garrett, Grisham",1,0,Inglês,disponível
9249714297417,BIO-01.07,Biologia,Bioquímica,Biochemistry,,"McGilvery, Goldstein",2,0,Inglês,disponível
9261859394578,QUI-04.05,Química,Química Orgânica,Organic Chemistry,,T. W. Graham Solomons,5,0,Inglês,disponível
9294249317482,QUI-02.01,Química,Fisico-Química,Physical Chemistry,,Peter William Atkins,4,0,Inglês,disponível
9297227330138,BIO-01.06,Biologia,Bioquímica,Biochemistry,,"Garrett, Grisham",1,0,Inglês,disponível
9327571632074,MAT-01.04 v.3,Matemática,Cálculo,Introdução ao Cálculo,,Paulo Boulos,1,3,Português,disponível
9346605232691,CMP-03.01,Computação,Análise Numérica,A First Course in Numerical Analysis,,"Ralston, Rabinowitz",2,0,Inglês,disponível
9366337194364,BIO-03.04,Biologia,Genética e Evolução,Evolutionary Analysis,,"Freeman, Herron",4,0,Inglês,disponível
9397314114983,MAT-08.03,Matemática,Equações Diferenciais,Equações Diferenciais Ordinárias,,V. Arnold,1,0,Português,disponível
9472425068742,CMP-02.02 v.1,Computação,Algoritmos e Estruturas de Dados,Algorithms in C,,Robert Sedgewick,3,1,Inglês,disponível
9482263033635,FIS-01.10 v.1,Física,Física Geral,"Física, um Curso Universitário",Mecânica,"Alonso, Finn",1,1,Português,disponível
9498276049532,FIS-01.10 v.2,Física,Física Geral,"Física, um Curso Universitário",Campos e Ondas,"Alonso, Finn",1,2,Português,disponível
9502792276911,MAT-01.13 v.2,Matemática,Cálculo,Cálculo,,George B. Thomas,10,2,Português,disponível
9508152648503,MAT-01.28 v.2,Matemática,Cálculo,Fórmula Matemática,Análise de Séries e Fourier,Ueda Keikyu,1,2,Outro,disponível
9545191957777,FIS-02.07,Física,Mecânica,Mecânica Analítica Clássica,,"Barros, Garcia",1,0,Português,disponível
9588275000709,BIO-04.06,Biologia,Biologia de Sistemas,Janeway's Immunobiology,,"Murphy, Travers, Walport, Janeway",7,0,Inglês,disponível
9613692609393,MAT-01.02,Matemática,Cálculo,Calculus,Cálculo Infinitesimal,Michael Spivak,2,0,Espanhol,disponível
9618476862940,MAT-01.07,Matemática,Cálculo,Calculus of Several Variables,,Serge Lang,3,0,Inglês,disponível
9632223810916,CMP-04.08,Computação,Probabilidade e Estatística,Probabilidad y Aplicaciones Estadisticas,,Paul L. Meyer,2,0,Espanhol,disponível
9638845343436,FIS-01.09 v.3,Física,Física Geral,Física,Eletromagnetismo,GREF,1,3,Português,disponível
9643985645524,FIS-01.02 v.2,Física,Física Geral,Curso de Física Básica,"Fluidos, Oscilações e Ondas, Calor",H. Moysés Nussenzveig,2,2,Português,disponível
9649612428522,BIO-03.01,Biologia,Genética e Evolução,Evolutionary Genetics,,John Maynard Smith,1,0,Inglês,disponível
9651629749729,BIO-01.03,Biologia,Bioquímica,Bioquimíca,,Mary K. Campbell,3,0,Português,disponível
9653589686083,VAR-03.04,Variados,Interdisciplinares,Linguística Cognitiva,Uma Visão Geral e Aplicada,Antônio Suárez Abreu,1,0,Português,disponível
9710181693441,MAT-01.13 v.2,Matemática,Cálculo,Cálculo,,George B. Thomas Jr,1,2,Português,disponível
9718934186578,MAT-06.02,Matemática,Topologia e Geometria,Theory and Problems of General Topology,,Seymour Lipschutz,1,0,Inglês,disponível
9731178800192,MAT-02.02,Matemática,Geometria Analítica,Geometria Analítica,,"Steinbruch, Winterle",2,0,Português,disponível
9743123053348,CMP-01.01,Computação,Fundamentos de Computação,Introduction to Computer Science,,Francis Scheid,1,0,Inglês,disponível
9777458878031,VAR-03.10,Variados,Interdisciplinares,Modelagem e Simulação,de Processos Industriais e de Sistemas Eletromecânicos,Claudio Garcia,1,0,Português,disponível
9779627021019,MAT-02.05,Matemática,Geometria Analítica,Exercícios Resolvidos de Geometria Analítica,,"Boulos, Boulos",1,0,Português,disponível
9788967343590,MAT-09.01,Matemática,Funções Complexas,Introdução às Funções Complexas,,Luiz A. J. Medeiros,1,0,Português,disponível
9801614561410,MAT-01.06,Matemática,Cálculo,A First Course in Calculus,,Serge Lang,5,0,Inglês,disponível
9829419285201,MAT-01.21 v.2,Matemática,Cálculo,Cálculo,Funções de Uma Variável,Geraldo S. S. Ávila,4,2,Português,disponível
9854768069363,MAT-02.02,Matemática,Geometria Analítica,Geometria Analítica,,"Steinbruch, Winterle",2,0,Português,disponível
9874677747589,QUI-04.04,Química,Química Orgânica,Organic Chemistry,,"Clayden, Greeves, Warren, Wothers",1,0,Inglês,disponível
9898708087567,VAR-03.05,Variados,Interdisciplinares,Physics of Finance,Gauge Modelling in Non-equilibrium Pricing,Kirill Ilinski,1,0,Inglês,disponível
9909525265639,QUI-04.02 v.2,Química,Química Orgânica,Química Orgânica,Curso Básico Universitário,Maurício Gomes Constantino,1,2,Português,disponível
9949696620400,CMP-05.03,Computação,Teoria da Computação,The Theory of Games and Linear Programming,,B. L. Worsnop,1,0,Inglês,disponível
9988899567440,BIO-06.02,Biologia,Ecologia,Island Biology,,Sherwin John Carlquist,1,0,Inglês,disponível
